My Bloody Valentine,1981,2.9939984996249063,1334
Silkwood,1983,3.729331339457381,18725
Scandal,1989,3.0338119499768412,2160
Rambo: First Blood Part II,1985,3.432952182952183,19241
Nighthawks,1981,3.3707345286292654,1730
Fatal Beauty,1987,2.630391506303915,3015
Richard Pryor: Live on the Sunset Strip,1982,3.9169572798605055,4589
Fame,1980,3.556332803391627,9436
Smokey and the Bandit Part 3,1983,3.242424242424242,1354
Missing in Action 2: The Beginning / Missing in Action 3: Braddock,1985,3.0574662603395732,2298
Airplane II: The Sequel,1982,3.346466718540001,14138
The Deer Hunter,1978,3.8931820101945984,35510
Gross Anatomy,1989,3.182676848874598,4977
Led Zeppelin: The Song Remains the Same,1976,3.6783725910064238,2336
Charlotte's Web,1973,3.9115765617575025,27358
Herbie Rides Again,1974,3.7103700319780724,4379
The Final Countdown,1980,3.7114517583408477,5546
Parenthood,1989,3.7562770764429123,21468
Star 80,1983,2.972961186218927,2294
The Last Temptation of Christ,1988,3.4052908391553496,12740
The Onion Field,1979,3.538896276595745,3009
The Best of Designing Women,1986,3.411469534050179,1396
Crossroads,1986,3.737134909596662,1439
The Fan,1981,2.6905761159862647,5243
In the Realm of the Senses,1976,2.7483870967741937,3566
Rio Lobo,1970,3.8326563769293256,3694
Halloween 5: The Revenge of Michael Myers,1989,3.6346272335181764,3247
Wings of Desire,1987,3.7515798342929365,7122
Nightbreed,1990,3.4055299539170507,2822
Transformers: Season 3: Part 1,1986,3.9310580204778156,1466
Graveyard Shift,1990,2.8690787019768744,2682
Girls Just Want to Have Fun,1985,3.8146341463414632,3486
Mississippi Burning,1988,3.9341293689704253,25293
George Carlin: Personal Favorites,1990,3.963855421686747,2242
George Carlin: What Am I Doing in New Jersey?,1988,3.871331828442438,1773
Mrs. Soffel,1984,2.9611143354614047,1724
Monty Python's The Meaning of Life: Special Edition,1983,4.001485453425601,27602
Three Days of the Condor,1975,3.8006456288293036,15180
Young Einstein,1988,3.2800378429517503,1058
Solaris,1972,3.2443123938879457,5891
Predator 2,1990,3.1957505773672055,10826
The In-Laws,1979,3.4811494252873563,4351
The Autobiography of Miss Jane Pittman,1973,3.9838788470933073,2048
THX 1138: Special Edition,1971,3.0756200846944948,8266
Jo Jo Dancer,1986,3.0140081337550835,2214
Blue Planet: IMAX,1990,3.4481246955674623,2054
Sea of Love,1989,3.502565154935358,9747
Firestarter,1984,3.572698036560596,11817
Christmas with The Simpsons,1989,4.150783289817232,1533
Stir Crazy,1980,3.497849697499818,13720
The Last Dragon,1985,3.5402160864345738,4166
Mystery Science Theater 3000: The Hellcats,1990,3.720064724919094,1237
Matewan,1987,3.872118959107807,4036
The Last House on the Left,1972,2.750418200066912,2990
Hellbound: Hellraiser II,1988,3.383134738771769,7638
Police Academy 3: Back in Training,1986,3.493881546744983,4087
Major League,1989,3.6400465356773526,38681
Roger & Me,1989,3.84381315966764,26719
Bagdad Cafe,1988,3.8390778871978513,4469
Dead Ringers,1988,3.4058078927773643,2687
Ernest Goes to Jail,1990,2.2354009077155825,3306
The Lonely Guy,1984,3.1969548133595285,2037
Music Box,1989,3.5009920634920637,1009
The Poseidon Adventure,1972,3.4907275320970044,11918
Jaws,1975,3.8860085139890255,81279
My Bodyguard,1980,3.5470103092783507,4851
Logan's Run,1976,3.473859844271413,14385
Bill Cosby: Himself,1983,4.1091621253406,5873
Mannequin,1987,3.2011961355620304,19564
All in the Family: Season 3,1972,3.9340836012861735,1245
Mr. & Mrs. Bridge,1990,3.264571054354944,1528
Back to the Future Part III,1990,3.8919123505976096,25101
Creepshow,1982,3.4597327555074036,11077
The Jewel in the Crown,1984,3.9880281690140844,1421
Dersu Uzala,1975,3.939197405755979,2468
Sense and Sensibility,1981,4.191339010690342,11039
The Cowboys,1972,3.9344605475040257,6211
Children of the Corn,1984,3.2199501999547273,13254
All the Right Moves,1983,3.2942568830198082,8028
The Simpsons: Season 1,1989,4.285617955880936,20763
Cloak & Dagger,1984,3.7223029950567024,3440
Silver Bullet,1985,3.4066077003121746,7689
Attack of the Killer Tomatoes,1978,2.846299810246679,1055
Outrageous Fortune,1987,3.294202599546111,4848
For Keeps,1988,3.5557707203718047,2583
Annie: Special Anniversary Edition,1982,3.73800268570217,14150
The Duellists,1977,3.330214639515685,1818
Play it Again,1972,3.7512410369553226,5440
Superman: The Movie,1978,3.7582782404624937,34942
Harlem Nights,1989,3.3079260572296785,11848
Krull,1983,3.1303394135303626,8663
Cries and Whispers,1972,3.5874571288584027,2042
Runaway,1984,3.1026063100137176,3646
Moscow Does Not Believe in Tears,1980,3.7743506493506493,1233
Quest for Fire,1982,3.3181689742865217,3540
Polyester,1981,3.3360166190599845,3852
For Your Eyes Only,1981,3.846399670120097,19402
Magnum P.I.: Season 1,1980,3.8232662192393736,1789
2010: The Year We Make Contact,1984,3.502950005175448,9662
Repo Man,1984,3.4396436174406686,12684
Madonna: The Girlie Show: Live Down Under,1988,3.389054726368159,1006
National Lampoon's Vacation,1983,3.7706584852557112,78879
Zorro,1981,3.337117472852912,2027
Frenzy,1972,3.3861344537815126,2381
Seems Like Old Times,1980,3.5216540249571815,4088
Little House on the Prairie: Season 6,1979,4.080265848670757,1957
Summer of '42,1971,3.5457725947521865,3431
The Pope of Greenwich Village,1984,3.392857142857143,1933
Taxi: Season 1,1978,3.642413487133984,1128
The Story of O,1975,2.886872097931617,2370
Better Off Dead,1985,3.9058073110126292,39038
Dead Men Don't Wear Plaid,1982,3.242434375522488,5982
At Close Range,1984,3.4232933692194765,4088
Challenge of the Superfriends: Attack of the Legion of Doom,1978,3.3989155693261037,1292
Red Dwarf: Series 3,1988,4.175502742230347,2736
The Field,1990,3.331825890333522,1770
Look Who's Talking Too,1990,2.7568835282651074,32833
Strange Brew,1983,3.7071034482758622,14501
Scooby-Doo Meets Batman,1972,3.2227059611520428,2987
Return of the Dragon,1973,3.975325803649001,5756
Presumed Innocent,1990,3.7973582605161553,24606
Baby: Secret of the Lost Legend,1985,2.7037593984962407,1331
Funny Lady,1975,3.459507042253521,3977
Marathon Man,1976,3.7898540555711477,14253
Walking Tall,1973,3.5968201233981967,4215
1984,1984,3.4132316570486396,4853
My Dinner with Andre,1981,3.4617224880382773,4181
No Way Out,1987,3.7015337084850493,18127
21 Jump Street: Season 2,1987,3.7550872093023258,1377
Miss Marple: Collection 2,1987,4.019591141396933,1175
Amazon Women on the Moon,1987,3.14611671785871,2280
American Ninja,1985,3.049496644295302,1193
The Pirate Movie,1982,3.3438566552901023,1173
Black Adder,1983,3.7073743541568813,4259
Rocky V,1990,3.033659730722154,8171
Poltergeist,1982,3.8261550892485494,40842
Stephen King's It!,1990,3.556300149898598,11342
Shoot to Kill,1988,3.5964391691394657,3034
Very Natural Thing,1973,2.7881694644284574,1252
Nausicaa of the Valley of the Wind,1984,4.18954150434522,6675
The Journey of Natty Gann,1985,3.7557471264367814,1045
Aliens: Collector's Edition,1986,4.140838273817731,43519
On a Clear Day You Can See Forever,1970,3.597506678539626,1124
The Serpent and the Rainbow,1988,3.406032805115374,7195
The Dead Zone,1983,3.649531199482703,9280
Nine to Five,1980,3.487078330474557,52471
Talk Radio,1988,3.3299767621998453,2583
Yes,1986,3.938737040527804,1062
The Bad News Bears,1976,3.5444066020434897,19086
Friday the 13th: Part 3,1982,3.3385781990521326,5276
Lonesome Dove,1989,4.136212278876171,9611
Clash of the Titans,1981,3.6654022759033738,20037
Married... with Children: The Most Outrageous Episodes: Vol. 2,1987,3.8081662237255376,4140
Amarcord,1974,3.637181044957473,4116
The Warriors,1979,3.7985561248253377,8589
Beverly Hills Cop,1984,3.8244890690921047,73005
Sixteen Candles,1984,3.9861389471107507,65364
Murder on the Orient Express,1974,3.743782654127482,4786
The Lord of the Rings,1978,3.4759991541552124,4730
Into the Woods,1990,3.896185737976783,3016
All Creatures Great and Small: Series 1,1978,3.9381177481736143,2328
Dario Argento Collection: Vol. 1: Phenomena,1985,3.0897666068222622,1115
The Best Little Whorehouse in Texas,1982,3.551382113821138,6151
MASH: Season 7,1978,4.240995024875622,5026
Lethal Weapon,1987,3.9713169337696357,113378
Die Hard 2: Die Harder,1990,3.6600646404177746,62810
The Hollywood Knights,1980,3.289972899728997,1477
Magnum P.I.: Season 2,1981,3.853610286844708,1012
Le Cercle Rouge,1970,3.546721734641198,1938
Tin Men,1987,3.2812621737436696,5135
Casualties of War,1989,3.3307498546793255,5162
Death Wish,1974,3.461861340280793,6910
Cheech & Chong's Up in Smoke,1978,3.6405812324929974,22849
Star Trek: The Motion Picture,1979,3.4290525699223897,20488
28 Up,1985,3.994208494208494,1555
Hot Pursuit,1987,2.9472759226713534,1708
Pee-Wee's Playhouse: Vol. 1,1986,3.8652259332023577,2546
Urban Cowboy,1980,3.4632046653707302,10804
Eye of the Needle,1981,3.646514021095961,3888
The Amityville Horror,1979,3.448255114320096,11635
The Dresser,1983,3.7755834829443446,1115
Coming Out,1989,3.029220779220779,1541
The Winds of War,1983,3.9221668742216687,1607
Fright Night,1985,3.5001196458482893,8359
Omen III: The Final Conflict,1981,3.1816666666666666,3001
Tightrope,1984,3.5367782757711574,3794
K-9,1989,2.9793019997452554,15703
Kickboxer,1989,3.339966524084062,5378
Grease 2,1982,2.810419114766941,5107
The Color of Money,1986,3.526956833243776,22333
The Return of the King,1980,3.1911514463981847,1764
A Better Tomorrow II,1988,3.2993661628473916,2052
Eddie and the Cruisers,1983,3.5816831683168315,5657
The Hitchhiker's Guide to the Galaxy,1981,3.2433281004709578,5097
All Creatures Great and Small: Series 3,1980,4.157967988865693,1438
On Golden Pond,1981,3.745946376638381,50203
The Rookie,1990,3.205058428045462,6248
The Toxic Avenger,1985,3.0971102150537635,2977
Teen Wolf / Teen Wolf Too (Double Feature),1985,2.8807330646708884,10423
The Lair of the White Worm,1988,2.909264565425024,2095
Little House on the Prairie: Season 2,1975,3.9886497064579256,2556
Another Woman,1988,3.423110338835795,1152
Great Balls of Fire!,1989,3.2326972372543437,3512
Breathless,1983,2.7089864158829675,1915
Paper Moon,1973,3.7511092330445805,9467
Joe Versus the Volcano,1990,2.9434615384615386,13001
The Omen,1976,3.644342359767892,20681
Youngblood,1986,3.2849074364606214,3188
Fletch Lives,1989,3.5505059797608096,5436
Robin and Marian,1976,3.0305460099274533,2620
Alien: Collector's Edition,1979,4.110710161662817,48497
Critters,1986,2.916057533600566,4242
Little House on the Prairie: Season 3,1976,4.0465302847974325,2494
Cujo,1983,3.308666017526777,11298
Planes,1987,3.692385847477887,50197
This Is Spinal Tap,1984,3.8651486354326203,54194
V: The Complete TV Series,1983,3.88111067657411,2558
The Glass Menagerie,1973,3.68379705400982,3056
Spaced Invaders,1990,2.8693270735524257,1279
Punchline,1988,2.7544736842105264,3801
Arachnophobia,1990,3.248320781599837,9827
The Rocky Horror Picture Show,1975,3.5236364919212586,28347
Look Who's Talking,1989,3.147277828737927,37067
Best of The Muppet Show: Peter Sellers / John Cleese / Dudley Moore,1978,3.907179601878774,4472
Star Wars: Ewok Adventures: Caravan of Courage / The Battle for Endor,1985,3.2905982905982905,1522
Northern Exposure: Season 1,1990,4.091503267973856,5203
Runaway Train,1985,3.209813874788494,2956
Sisters,1973,3.031015037593985,1065
When Harry Met Sally,1989,4.0334391929759015,80296
Frances,1982,3.5406195207481006,5134
Freaky Friday,1976,3.702824858757062,7966
The Hitcher,1984,3.509833134684148,6713
The Golden Girls: Season 1,1985,3.887605369965657,3204
Saturday the 14th,1981,2.57116953762466,1104
The Longest Yard,1974,3.68601255204126,16094
Back to School,1986,3.541621537985456,12927
Top Secret!,1984,3.564028776978417,13206
Pink Floyd: Live at Pompeii: Director's Cut,1974,3.806663301362948,1982
Gus,1976,3.298292902066487,1114
D.A.R.Y.L.,1985,3.628957973517559,3475
Silent Rage,1982,3.1557296767874634,1022
Maid to Order,1987,2.982043454839289,5570
Joe Kidd,1972,3.5812445980985306,4629
The Wind and the Lion,1975,3.531055900621118,1933
The Accidental Tourist,1988,3.345729227193492,5164
The Last Metro,1980,3.569300518134715,1545
Gremlins 2: The New Batch,1990,3.03388176240937,7173
Two Mules for Sister Sara,1970,3.665193212605162,7014
Baby Boom,1987,3.525561797752809,14241
The Big Red One: Special Edition,1980,3.4880644233534657,3478
Heathers,1989,3.6953328003198083,40025
10,1979,3.127637987012987,4929
Moonstruck,1987,3.6615214072075464,47812
My Favorite Year,1982,3.6835175170467904,4254
Coffy,1973,3.36639526276832,1352
The January Man,1989,2.9176954732510287,1702
Westworld,1973,3.4716591819395557,8240
Cocoon,1985,3.708896489888088,30114
Upstairs,1973,4.142226581657676,2040
The Four Seasons,1981,3.6493594066082267,1484
Cousins,1989,3.11030428769018,2893
The Simpsons: Treehouse of Horror,1990,4.386773547094188,15470
The Fabulous Baker Boys,1989,3.3291155098972687,7983
Escape from Alcatraz,1979,3.8026284462644635,21002
On Any Sunday,1971,3.6201923076923075,1041
The Way We Were,1973,3.6176534492123844,18411
Sanford and Son: Season 4,1972,3.9118150684931505,1169
Murphy's Romance,1985,3.697506644728515,7902
Rollerball,1975,3.1280436607892526,4765
Red Sonja,1985,3.174421696357352,3762
Birdy,1984,3.542666261767385,3294
Three Men and a Little Lady,1990,3.1914315139031926,24276
Damien: Omen II,1978,3.3803324654516325,4994
Ghost,1990,3.649245741373836,135432
Prick Up Your Ears,1987,3.4620135886349597,1620
Starman,1984,3.5899395754790064,19364
For Pete's Sake,1974,2.8627737226277374,1371
The Hunger,1983,3.3126323218066336,2835
Yes,1980,3.869275603663614,1202
Dirty Rotten Scoundrels,1988,3.5809085410926684,29763
Evil Dead 2: Dead by Dawn,1987,3.7243833968317626,19949
Desert Hearts,1985,3.3910991233985164,1484
Children of a Lesser God,1986,3.706276493914946,14627
A Nightmare on Elm Street 3: Dream Warriors,1987,3.2803542519760023,10502
Enemies,1989,3.020217729393468,1287
The Enforcer,1976,3.799285953363829,8964
The Grifters,1990,3.476910962371337,17780
The Blob,1988,2.9945186707776634,2920
Everybody's All American,1988,3.2191235059760954,1758
Cry Freedom,1987,3.8953344343517755,4845
Flight of the Navigator,1986,3.82727033082905,15175
The Godfather,1974,4.404083000530623,71615
Action Jackson,1988,2.5404907975460125,3261
Bad Influence,1990,3.21280276816609,1735
All of Me,1984,3.534558823529412,10881
Mighty Quinn,1989,3.212063004225893,2604
Bananas,1971,3.5793443574122423,6895
The Tall Guy,1990,2.7270531400966185,1243
The Day of the Jackal,1973,3.794472084024323,9046
Extreme Prejudice,1987,3.0194174757281553,1443
Shaka Zulu,1986,3.7641311933007677,1434
Saved by the Bell: Season 1,1989,3.5547801814375437,2867
Once Bitten,1985,2.965544244322631,6386
The Apple Dumpling Gang Rides Again,1979,3.713291139240506,3161
Masters of the Universe,1987,2.761888111888112,2861
The Return of Martin Guerre,1982,3.766153846153846,1626
Tampopo,1986,3.9425142135186353,4750
State of Grace,1990,3.4591866166714738,3468
Narrow Margin,1990,3.5285171102661597,2894
Time Bandits,1981,3.658130864096366,24408
Halloween II,1981,3.273666384419983,11811
9 1/2 Weeks,1986,3.254369081530526,12990
Beaches,1988,3.6926129880438556,60472
History of the World: Part 1,1981,3.8072124821185005,30060
Pete's Dragon,1977,3.76054057858802,14208
Earth Girls Are Easy,1989,2.872014872014872,6994
My Neighbor Totoro,1988,4.238021935732153,5198
Elvira,1988,2.7573363431151243,2659
Walkabout,1971,3.5996592844974447,2936
Chocolat,1988,3.9385110844817257,13353
Suburbia,1983,3.351815181518152,1516
Bright Lights,1988,2.7732558139534884,1033
Who Framed Roger Rabbit?: Special Edition,1988,3.642530984996738,39859
War Games,1983,3.809830979015269,36742
Shanghai Surprise,1986,1.7625838926174497,1193
My Science Project,1985,3.5246338215712383,3005
Flowers in the Attic,1987,3.3556851311953353,3431
Commando,1985,3.389796120348377,20209
The Big Blue,1988,3.525281710488298,3462
The Seventh Sign,1988,3.5499522445081184,10471
Used Cars,1980,3.3257598111537328,3390
18 Again,1988,2.8036187113857016,2267
Good Guys Wear Black,1978,2.7101157523905384,1988
In Living Color: Season 2,1990,3.940675963129284,4232
Flatliners,1990,3.3608732710859712,51623
The Sting,1973,4.162278651918783,38515
Rooster Cogburn,1975,3.7062221055395117,7619
The Star Chamber,1983,3.3894839337877314,1028
The Clan of the Cave Bear,1986,2.8617795187465025,1788
Armed and Dangerous,1986,3.2259541984732825,4586
The Toy,1982,3.264101564675093,17960
Superman IV: The Quest for Peace,1987,2.761019649495486,7533
Aguirre: The Wrath of God,1972,3.645967534140685,3882
Punky Brewster: Season 1,1984,3.6840390879478826,1229
Summer Lovers,1982,2.9444444444444446,1387
Crocodile Dundee 2,1988,2.8787509313825104,14764
Thief,1981,3.338316958564716,2342
Police Academy: Special Edition,1984,3.472983763641203,15029
Joseph Campbell and The Power of Myth,1988,3.9743016759776535,1791
Cyborg,1989,2.861557177615572,4111
George Carlin: Carlin at Carnegie,1982,3.9217537942664418,2966
Police Academy 5: Assignment - Miami Beach,1988,3.4364844903988185,2709
Pretty Baby,1978,3.017780172413793,1857
Torch Song Trilogy,1988,3.907756433490395,5519
House of Cards Trilogy I: House of Cards,1990,4.02497073741709,2564
The Woman in Red,1984,2.9018026565464896,4217
The Long Walk Home,1990,3.708125115676476,5404
Silver Streak,1976,3.562766674152257,4454
Local Hero,1983,3.644070927225711,5415
Hair,1979,3.4410396716826264,3656
Le Mans,1971,3.223287671232877,1461
Innerspace,1987,3.4022674883567765,21258
Sleepaway Camp,1983,3.061224489795918,1716
My Tutor,1983,2.7877000842459982,1188
Monkey Shines,1988,3.0,1559
White Palace,1990,3.3005068790731356,1382
Parting Glances,1986,3.272173913043478,1151
Hard Times,1975,3.594059405940594,1112
Hidden Agenda,1990,2.8003237992444685,1854
She's Having A Baby,1988,3.1312508562816825,7300
Sunday in the Park with George,1986,3.433531746031746,1009
Hollywood Shuffle,1987,3.3296812749003983,3013
Salaam Bombay!,1988,3.828151260504202,2381
The Stuff,1985,2.9048387096774193,1241
The Kids in the Hall: Season 1,1989,4.048947849954255,4373
Hot Dog: The Movie,1984,2.868595041322314,1211
The Blues Brothers: Extended Cut,1980,4.286960132890365,7225
Cross of Iron,1977,3.3841761827079937,1227
Conan the Barbarian,1981,3.44632469592808,11347
Footloose: Special Collector's Edition,1984,3.653565831695729,40202
Opportunity Knocks,1990,3.1195965417867435,1389
Semi-Tough,1978,3.0882061446977205,1010
April Fool's Day,1986,3.1296879473232178,3494
The Main Event,1979,2.832558139534884,1506
Police Academy 2: Their First Assignment,1985,3.4878868258178604,5656
Gregory's Girl,1981,3.4344692005242465,1527
Code of Silence,1985,2.623717489859222,4192
Knight Rider: Season 1,1982,3.5577227200843438,1898
An Officer and a Gentleman,1982,3.8461109612444924,55606
The Ruling Class,1972,3.280436099333737,1652
The Last American Virgin,1982,3.100634249471459,2366
Network,1976,3.689880488878356,29538
Porky's,1981,3.292377831599943,35096
The Return of the Living Dead,1985,3.472233481961897,7402
A Nightmare on Elm Street,1984,3.3462269669494002,41029
Blame It on Rio,1984,3.0074102964118565,2565
The Two Jakes,1990,3.040334481062469,2034
Pelle the Conqueror,1987,3.747708250298924,2510
Ordinary People,1980,3.736853123429911,23885
Little House on the Prairie: Season 4,1977,4.033783783783784,2517
Shocker,1989,2.748117469879518,2657
Extremities,1986,3.271225332721432,2180
Bat 21,1988,3.614813535911602,5793
Dances With Wolves: Special Edition,1990,3.9439681351431517,70800
Laverne & Shirley: Season 1,1976,3.5602901178603807,1104
The Falcon and the Snowman,1985,3.4667937718462025,6295
Hearts and Minds,1974,3.914393226716839,2127
The Paper Chase,1973,3.6767017895969225,5980
Steel Magnolias,1989,3.857711377256776,106292
The Last Detail,1973,3.635799522673031,4191
D.O.A.,1988,3.3155650319829424,3753
Doctor Who: The Stones of Blood,1978,3.7220921155347386,1282
Gandhi,1982,4.146188769414576,41851
Dressed to Kill,1980,3.4326012492444087,4964
Rain Man,1988,4.125280374596834,122159
The Burning Bed,1984,3.7937140327578573,2260
Suspect,1987,3.50493632851624,6990
Death Warrant,1990,3.333986671893375,2552
Hard to Kill,1990,3.0837596344042018,14662
The Incredible Hulk: Original TV Series: Pilot / Married,1977,3.2676678445229683,1133
Two of a Kind,1983,3.126943005181347,1159
Overboard,1987,3.5140597239305724,58537
All in the Family: Season 2,1971,3.7707170459424644,2330
Apocalypse Now Redux,1979,4.138324255981327,41129
Chariots of Fire,1981,3.7262734169376066,19378
Mystic Pizza,1988,3.548124877282545,25466
The Golden Child,1986,3.314014091303928,20723
The Cannonball Run,1981,3.324243093922652,22626
Moscow on the Hudson,1984,3.1387622149837133,4606
Videodrome,1983,3.338287628218547,4778
Transformers: Season 3: Part 2/Season 4,1985,3.9133597883597884,1513
Cobra,1986,2.91956610724519,9773
The Eruption of Mount St. Helens: IMAX,1980,3.325438596491228,1141
Murder by Death,1976,3.659882005899705,3391
The Freshman,1990,3.328071106394269,7539
Poirot: Peril at End House,1990,4.0126964933494556,1655
Tremors,1990,3.354227499837778,15412
Child's Play 2: Chucky's Back,1990,2.762570663493008,6723
Glory,1989,4.056612136352647,49637
Taps,1981,3.6367760686184165,14108
The Kids in the Hall: Season 2,1990,4.108587119321019,4007
The Karate Kid Part II,1986,3.3982249097825026,10254
Broadcast News,1987,3.5323045082336004,22227
The Hills Have Eyes,1977,3.045086705202312,1731
Toy Soldiers,1984,2.927749654855039,2174
Young Sherlock Holmes,1985,3.5010028078620135,2494
Against All Odds,1984,3.2544268406337373,4293
Back to the Future Part II,1989,3.944533762057878,32345
The Hot Spot,1990,2.826388888888889,1297
The Great Outdoors,1988,3.568969448244414,35089
Dracula,1979,3.0484739676840213,1115
Postcards from the Edge,1990,3.258454316265322,11504
Alf: Season 1,1986,3.6646903820816865,1519
Mask: Director's Cut,1985,3.821518193224592,22317
Outland,1981,3.4096687211093992,5193
High Plains Drifter,1973,3.9883923778851313,14905
Escape from New York,1981,3.489209498046288,16636
The Survivors,1983,2.9328817733990147,1625
The Year Without a Santa Claus,1974,3.624690338563171,2423
Just One of the Guys,1985,3.560089321965083,4927
Out of Africa,1985,3.732454658105216,26632
The Philadelphia Experiment,1984,3.405463934699317,6004
The Great Mouse Detective,1986,3.6025983951089033,7852
Bedknobs and Broomsticks,1971,3.813071023674558,14996
The Rutles,1978,3.3927940657011657,2832
Her Alibi,1989,2.9782090568607424,2938
Mommie Dearest,1981,3.659470351180196,13897
The Big Sleep,1978,3.179391100702576,2136
Transformers: Season 1,1984,3.9334451901565997,1789
She Devil,1989,2.681214421252372,3163
Lifeforce,1985,3.1222765673632726,2250
The Money Pit,1986,3.495332880014836,16178
Beneath the Planet of the Apes,1970,3.550301810865191,4971
Ken Burns' Civil War,1990,4.364961030159268,5903
Star Trek: The Next Generation: Season 4,1990,4.2897727272727275,8625
A Christmas Carol,1984,3.6299104066161267,2903
A Better Tomorrow,1986,3.292736610418195,4090
Mo' Better Blues,1990,3.3079139454475603,5207
All Creatures Great and Small: Series 4,1988,4.129191321499014,1015
The Right Stuff,1983,3.987583318586681,33907
Sanford and Son: Season 3,1972,3.900081234768481,1232
The Chronicles of Narnia: Prince Caspian and the Voyage of the Dawn Treader,1989,3.3613569321533925,1357
The Killer,1989,3.713228894691036,2299
Good Times: Season 3,1975,3.8596491228070176,1084
Days of Heaven,1978,3.5741654571843253,3446
Married... with Children: Season 1,1987,3.7493343476607075,5259
The Muppet Show: Season 1,1976,4.212494500659921,2274
Turk 182!,1985,3.4908592321755028,1095
Biloxi Blues,1988,3.429440534414887,8384
Thunderbolt and Lightfoot,1974,3.45005675368899,3525
Spaceballs,1987,3.5381327423121065,75802
Twins,1988,3.2624172928954223,33402
Scarlet Pimpernel,1982,3.6918103448275863,1393
Kentucky Fried Movie,1977,3.3196560567204707,6630
Soul Man,1986,2.6443531023683695,5110
Salem's Lot,1979,3.4487077850007926,6308
The End,1978,3.0840664711632453,1024
Cheers: Season 1,1982,3.883290181238797,5022
Mr. Bean: The Whole Bean,1990,3.901760363429869,3523
The Pink Panther Strikes Again,1976,3.831085694776374,11717
Stealing Home,1988,3.3898881866796304,2058
Monty Python's Life of Brian,1979,3.9168920467568187,43631
See No Evil,1989,3.4088426527958386,11536
Richard Pryor: Live & Smokin',1985,3.7973209085614443,1718
Ladyhawke,1985,3.7385254988913528,18041
Woodstock: 3 Days of Peace & Music,1970,3.8064988290398127,3417
Rocky,1976,3.7713108555633785,76699
Melvin and Howard,1980,3.024228214146151,2560
Miami Vice: Season 1,1984,3.7032590051457976,1750
Star Wars: Episode V: The Empire Strikes Back,1980,4.543700659673408,92471
Johnny Dangerously,1984,3.5582082764893133,8797
Sid & Nancy,1986,3.4929742388758784,10249
Shampoo,1975,3.0479195885928005,4279
Married... with Children: Season 3,1988,3.9748050389922014,3335
Once a Thief,1990,3.0655058043117744,1207
Henry: Portrait of a Serial Killer,1990,3.203654485049834,3011
The Night Stalker / The Night Strangler,1973,3.6867239732569246,1048
Star Trek IV: The Voyage Home,1986,3.7063233656070604,23343
Two Moon Junction,1988,2.893939393939394,2047
The Secret of My Success,1987,3.4589603283173735,14621
Doctor Who: The Talons of Weng-Chiang,1977,3.84051329055912,1092
Upstairs,1974,4.289408866995074,1625
The Last Starfighter,1984,3.60085777049409,28680
GoodFellas: Special Edition,1990,4.284156269356694,90409
The Godfather,1990,3.6784690667598743,28611
Trading Places,1983,3.9353067261873127,56452
Jackie Chan's Project A,1983,3.247427101200686,2333
Eight Men Out,1988,3.6659907055344316,11836
Black Adder II,1986,4.0566166439290585,4399
Midnight Express,1978,3.8975746924428822,14226
A Passage to India,1984,3.5934106162294084,8196
Cheers: Season 5,1986,4.052936311000827,2419
Transylvania 6-5000,1985,2.7133571660708484,3078
Tinker,1980,3.885618166526493,2379
V: The Final Battle,1984,3.6731538256464944,3752
Stand and Deliver,1987,3.8643841297636055,21702
C.H.U.D.,1984,2.8423265592151368,1428
Foul Play,1978,3.62730174318684,4074
Tommy,1975,3.173891129032258,3969
The Life and Times of Judge Roy Bean,1972,3.407885791978246,2943
Saturday Night Fever,1977,3.551482968527393,23164
All That Jazz,1979,3.6818094690435115,5218
Trilogy of Terror,1975,3.251517779705117,1154
House,1986,3.3193111236589496,3543
Young Guns,1988,3.672014455456387,36527
Wild at Heart,1990,3.705454080980968,7830
Cheers: Season 4,1985,4.016039051603905,2869
Oh God!,1977,3.3503706593835347,10253
A Chorus Line,1985,3.500998003992016,4009
St. Elmo's Fire,1985,3.548265364368618,31535
Black Adder IV,1989,4.0682689849143445,3912
Keeping Up Appearances,1990,3.894896412329459,1980
Caligula,1980,2.722978382706165,6246
Caveman,1981,3.1558366877515813,1740
Apocalypse Now,1979,3.9831422153918905,84591
The Cat from Outer Space,1978,3.6646099603349493,2270
Patton,1970,3.9890259896683706,37362
Hooper,1978,3.083648393194707,2117
Wizards,1977,3.4027072758037225,1183
Red Dawn,1984,3.5800669686822926,25386
Poirot,1990,4.1894070236039145,1738
Teen Witch,1989,3.7270114942528734,1393
Betsy's Wedding,1990,2.788793103448276,2089
All the President's Men,1976,3.9550013702384215,36491
The Boy Who Could Fly,1986,3.547175765225623,3170
Green Card,1990,3.1367636092468305,6706
Some Kind of Wonderful,1987,3.7012952822240943,18993
The Terminator,1984,3.956663704560954,96779
The Last Unicorn,1982,3.8380202474690663,5335
Scarface: 20th Anniversary Edition,1983,4.100889317137125,63308
The Singing Detective,1986,3.4207389749702024,1679
A Nightmare on Elm Street 2: Freddy's Revenge,1985,3.280717692482398,8807
Awakenings,1990,3.9085984885342673,30832
An Innocent Man,1989,3.5012048192771084,2491
Broadway Danny Rose,1984,3.644459551325629,4414
Invasion of the Body Snatchers,1978,3.5480270574971815,8871
Purple Rain: Special Edition,1984,3.531361550229475,5884
The Handmaid's Tale,1990,3.082882882882883,2221
Rock 'n' Roll High School,1979,3.34460592509782,3579
The Hunt for Red October,1990,4.085358382683276,83250
The Watcher in the Woods,1980,3.149161196207148,2743
Pretty Woman,1990,3.905046690292041,193296
King Kong,1976,3.1310452418096726,3206
The Man with One Red Shoe,1985,3.3010861328618337,3960
Fritz the Cat,1972,2.824760765550239,1673
Friday the 13th: Part 8: Jason Takes Manhattan,1989,2.879222108495394,4886
Mr. Majestyk,1974,3.3555878084179973,1379
The Thorn Birds,1983,3.8733333333333335,4351
Summer School,1987,3.481693238042881,9096
Edward Scissorhands,1990,3.7625392440035164,79631
Southern Comfort,1981,3.2421364985163206,1686
Hiding Out,1987,3.6461218836565097,1445
Conan the Destroyer,1984,3.3663977218794496,14750
Men at Work,1990,3.188579485371872,5675
Best of the Best,1989,3.6446866485013625,1836
Pet Sematary 2,1990,2.7293187347931873,3289
Good Morning,1987,3.85177639272324,82950
Night Porter,1974,3.114566284779051,1223
Gremlins,1984,3.3577457264957267,56161
Caddyshack 2,1988,2.5767029721247923,5418
Jagged Edge,1985,3.6908364259206397,10510
Wildcats,1986,3.4049519317975694,11027
Lucas,1986,3.624649518468853,8204
Three's Company: Season 1,1977,3.5579158316633266,2496
Havana,1990,2.965009208103131,1630
Delta Force 2: Operation Stranglehold,1990,2.3062145005011696,5987
Lone Wolf McQuade,1983,3.004816375677303,3323
Big Jake,1971,3.839396479463537,5966
A Touch of Class,1973,3.1002892960462876,2075
The Jewel of the Nile,1985,3.542478179669932,26238
The Lathe of Heaven,1980,3.2001582278481013,1265
Death of a Salesman,1985,3.750161186331399,3103
Force 10 from Navarone,1978,3.6177801919246786,5524
The Sword and the Sorcerer,1982,3.0019120458891013,2093
Babette's Feast,1987,3.9825780247969216,9357
Scenes from a Marriage (Theatrical Version),1974,4.013100436681222,1146
Roxanne,1987,3.5697787991956336,34811
Spies Like Us,1985,3.4151784438666173,34998
Breakin' 2: Electric Boogaloo,1984,3.225834797891037,1139
Billy Jack,1971,3.3004655099449853,2364
Tora! Tora! Tora!,1970,3.782906337516855,9642
The Breakfast Club,1985,4.0533140606670015,95473
Inspector Morse 13: The Sins of the Father,1990,4.017982017982018,1002
Smokey and the Bandit / Smokey and the Bandit II: Double Feature,1977,3.56178527811702,9008
Cry-Baby,1990,3.45182467657849,5180
Losin' It,1983,2.442857142857143,1961
To Live and Die in L.A.,1985,3.356665948740039,4644
Richard Pryor: Here and Now,1983,3.892385501545378,3560
The Rolling Stones: Gimme Shelter,1970,3.7836568566061364,3195
Blow Out,1981,3.2821564605918545,3414
Gallipoli,1981,3.719706108125891,9120
Cheers: Season 6,1987,4.104103343465046,1317
The Cosby Show: Season 1,1984,4.014474244359302,2350
Ice Castles,1979,3.273929773929774,4159
The Big Chill,1983,3.741256274589608,36856
Star Trek V: The Final Frontier,1989,3.3175279040926005,24191
Little Shop of Horrors,1986,3.434719517317753,26188
The Taking of Pelham One Two Three,1974,3.6443243243243244,3701
Cahill: U.S. Marshall,1973,3.8013717421124826,3646
UHF,1989,3.3492801269697314,8822
Battlestar Galactica,1978,3.3274766355140186,2676
Internal Affairs,1990,3.4777402517654283,6515
The Goodbye Girl,1977,3.718332528569129,12427
Ferris Bueller's Day Off,1986,4.06614307342922,126817
The Hotel New Hampshire,1984,2.9157279933249898,2398
Airport / Airport 1975: Double Feature,1970,3.543829296424452,1735
North & South: The Complete Collection,1985,4.0218556701030925,2426
Vice Versa,1988,3.3131086142322097,1336
Zombie,1979,3.161605764282038,1944
Popeye,1980,3.0301261092947223,8565
Victor / Victoria,1982,3.691882647020129,15203
Bloodsport,1988,3.4487300985595146,10553
Five Easy Pieces,1970,3.6836796275540995,11600
Night Shift,1982,3.520357267138383,8622
The Young Ones: Every Stoopid Episode,1982,3.661127895266868,1987
Star Trek III: The Search for Spock,1984,3.603307523985861,23765
Doctor Who: The Ribos Operation,1978,3.8,1266
Prince of Darkness,1987,3.2343096234309625,2630
Do the Right Thing,1989,3.641357625080921,21627
Robin Hood (Disney),1973,3.9889586902722254,26266
The Princess Bride,1987,4.299457643172055,88688
The Untouchables,1987,4.034956881379796,45457
Stand by Me,1986,4.173013703690024,81220
Beverly Hills Cop II,1987,3.338817547747865,76706
Remo Williams: The Adventure Begins,1985,3.4040826364977863,4067
Mean Streets,1973,3.592566203538772,8422
Jeeves and Wooster: Season 3,1990,4.081808396124865,1859
Romancing the Stone,1984,3.7642561127227516,48261
Blood Simple,1984,3.7021216883700045,17817
Altered States,1980,3.437660960460536,6602
Driving Miss Daisy,1989,3.819154034698544,73030
The Beastmaster,1982,3.285020636076718,8239
Diva,1981,3.6957531519575317,3015
The Bad News Bears in Breaking Training,1977,3.015912481352561,2012
G.I. Joe: The Movie,1987,3.632547441058079,1740
The Boys from Brazil,1978,3.5751083293211363,4155
That Obscure Object of Desire,1977,3.59009900990099,2526
Dawn of the Dead: European Version,1978,3.9357226334242306,2568
Less Than Zero,1987,3.4308319347878204,8343
Sgt. Pepper's Lonely Hearts Club Band,1978,3.0194444444444444,1081
Running on Empty,1988,3.628544717980679,3210
Real Genius,1985,3.7098665187943123,25248
Frantic,1988,3.3114777826024024,6910
Adventures in Babysitting,1987,3.565532652316673,21929
The War of the Roses,1989,3.359997458542474,15740
Three O'Clock High,1987,3.615064935064935,1926
The Rescuers,1977,3.812759883324024,16114
Friday the 13th: Part 5: A New Beginning,1985,3.3216037534655576,4690
Who's the Boss?: Season 1,1984,3.439005439005439,1288
They Live,1988,3.5365325635937217,5544
Fatal Attraction,1987,3.7228849886768036,49457
Dr. Seuss: The Lorax,1972,3.828587699316629,1757
The Long Riders,1980,3.523896222121074,2198
Benji,1973,3.5577369643234116,4738
Tron,1982,3.502892702610725,20570
Killer Klowns from Outer Space,1988,2.901006711409396,3577
Dirty Dancing,1987,3.702535314828693,141443
Ken Burns' America: The Shakers,1985,3.5734870317002883,1042
Top Gun,1986,3.827655587336029,152086
Piranha,1978,2.785598267460747,1848
V: The Original Miniseries,1983,3.6766917293233083,5055
The Turning Point,1977,3.730344827586207,1451
Miss Marple: Collection 1,1987,3.9861231569817868,1154
Stella,1990,3.545186640471513,3055
Empire of the Sun,1987,3.9093814010651373,24411
Diner,1982,3.5641480168402393,13540
Best of The Muppet Show: Mark Hamill / Paul Simon / Raquel Welch,1978,3.937523242841205,2690
Doctor Who: The Robots of Death,1976,3.5209409064830752,1744
School Daze,1988,3.2778306374881065,4205
Cinema Paradiso: Director's Cut,1988,4.209467886094367,19245
Witchboard,1986,3.2272309107635695,1088
The Road Warrior,1981,3.81806729653572,30166
Silverado,1985,3.8486620949307517,14875
An American Werewolf in London,1981,3.5959487728965764,19600
The New Adventures of Pippi Longstocking,1988,3.0801444043321298,1386
Koyaanisqatsi: Life Out of Balance,1983,3.629452546019603,4184
Anne of Green Gables,1985,4.402805362462761,8057
All Creatures Great and Small: The Specials,1983,4.1436950146627565,1024
...And Justice for All,1979,3.6716535433070865,6351
La Cage aux Folles,1979,3.7754030067016844,5522
The Best of Times,1986,3.090909090909091,2476
Master of the Flying Guillotine,1975,3.4907932011331444,1413
Henry V,1989,3.912188531972381,6663
Willow,1988,3.7101807580174926,42876
The Day After,1983,3.1904928346731913,2862
MacArthur,1977,3.52856159669649,1454
Full House: Season 1,1987,3.647299813780261,2686
Uptown Saturday Night,1974,3.7772511848341233,1267
Protocol,1984,3.223508017854191,6050
Another 48 Hrs.,1990,3.3498961495446555,18778
National Lampoon's Christmas Vacation: Special Edition,1989,3.643247566991068,15003
Critters 2: The Main Course,1988,3.0955631399317407,1466
Pump Up the Volume,1990,3.655000372328543,13430
Quantum Leap: Season 3,1990,4.057628146800122,3298
About Last Night...,1986,3.3176617197235756,8828
Atlantic City,1980,3.451824339086738,4578
Hanover Street,1979,2.996413199426112,1395
Best of The Muppet Show: George Burns / Bob Hope / Dom DeLuise,1977,4.01875,3361
Powaqqatsi,1988,3.342745438748914,2303
The Living Daylights,1987,3.6217185028993146,9486
The Rescuers Down Under,1990,3.7606008583690986,11651
The Harder They Come,1973,3.488086087624904,1302
Bad Taste,1988,2.871410090556274,3866
Robotech,1985,3.3328220858895707,4565
Married... with Children: The Most Outrageous Episodes: Vol. 1,1987,3.8220880681818183,2817
Dead Calm,1989,3.5771465990013915,12218
Gloria,1980,3.2001934235976788,1035
Saturday Night Live: 25 Years of Music,1975,3.5632850241545895,2071
Dick Tracy,1990,2.9261615738802846,11946
Something Wild,1986,3.2876344086021505,4465
G.I. Joe: Season 1: Part 1,1983,3.8065878378378377,1185
My Mother's Castle,1990,3.7325367647058822,1089
Mountains of the Moon,1990,3.420861127956337,1650
The Buddy Holly Story,1978,3.6109995985547974,4983
Predator: Collector's Edition,1987,3.8533228832899193,43382
Mork & Mindy: Season 1,1978,3.626218851570964,1847
Pink Floyd: The Wall,1982,3.784855954398398,12983
The Conversation,1974,3.711531595858622,14006
Stephen King's Cat's Eye,1985,3.277448967266578,8280
I Love You to Death,1990,3.2980868665977248,3869
Leatherface: The Texas Chainsaw Massacre III,1990,3.0816176470588235,1361
Skin Deep,1989,2.8573232323232323,1585
Annie Hall,1977,3.72495805783085,50666
The Care Bears Movie,1985,3.5097698653929656,2304
Buck Rogers in the 25th Century: The Complete Epic Series,1979,3.640597539543058,1139
Gorillas in the Mist,1988,3.590587018360486,19336
The Purple Rose of Cairo,1985,3.530642750373692,6691
Das Boot,1981,4.064793515171432,18259
Clean and Sober,1988,3.2035666218034993,2973
The Flamingo Kid,1984,3.1204644412191582,4824
Duel,1970,3.6114747785906816,2598
The Many Adventures of Winnie the Pooh,1977,3.8650253618705928,8084
Throw Momma From the Train,1987,3.1687266455878125,10438
One Flew Over the Cuckoo's Nest,1975,4.276638026098143,87057
Airport '77 / The Concorde: Airport '79: Double Feature,1977,3.325980392156863,1225
Married... with Children: Season 2,1987,3.9167495029821073,4025
Quigley Down Under,1990,3.6043114017163873,9789
The Man Who Fell to Earth,1976,3.0676691729323307,3193
Herbie Goes to Monte Carlo,1977,3.702654867256637,3391
Trail of the Pink Panther,1982,3.6790044671346522,3135
Police Academy 4: Citizens on Patrol,1987,3.4714523281596454,3609
The Cotton Club,1984,3.116074052306788,3404
Down and Out in Beverly Hills,1987,3.312684894666069,11156
The Pick-up Artist,1987,2.8782447466007417,1619
Get Carter,1971,3.165729407872974,3024
California Suite,1978,2.9839381320642473,1682
The Trip to Bountiful,1985,3.7662001036806636,1930
The Postman Always Rings Twice,1981,3.3633468954537413,5654
Jaws 3,1986,3.0402889691580994,3600
The Rose,1979,3.490052208268661,7088
Cheers: Season 2,1983,3.952455590386625,3829
Support Your Local Gunfighter,1971,3.666350710900474,4221
Sudden Impact,1983,3.556084352178551,12188
Transformers: The Movie,1986,3.6797020484171323,4297
Hoosiers,1986,3.960623828090122,33600
The Simpsons: Season 2,1990,4.43796052277739,18594
The Great Santini,1979,3.659504132231405,4841
Bad Boys,1983,3.5932948612256115,7279
Which Way is Up?,1977,3.620669406928949,1704
Teenage Mutant Ninja Turtles: The Movie,1990,3.4716491661519457,8096
Mad Max,1979,3.6491480073229123,35506
Jeremiah Johnson,1972,3.906525735294118,10881
Fanny and Alexander (Theatrical Version),1982,3.9570716749712536,2610
Kung Fu: Season 1,1972,3.8061868686868685,1585
Sweeney Todd: The Demon Barber of Fleet Street,1982,3.9093264248704664,1159
Pee-Wee's Big Adventure,1985,3.3178773105117325,28512
The Eagle Has Landed,1976,3.665746703465195,3262
Volunteers,1985,3.02854036422941,3680
The Evil Dead,1982,3.7379863262997395,20332
Death Wish 3,1985,3.4060114503816794,2097
The Changeling,1980,3.4658879745155295,3768
Sherlock Holmes: The Hound of the Baskervilles,1984,3.9223300970873787,1237
Planet of the Apes: The TV Series,1974,3.1732142857142858,1121
Manon of the Spring (Jean de Florette,1986,4.221179624664879,1493
Love Story,1981,3.1875540190146934,1158
Mermaids,1990,3.538810301051868,5515
Hopscotch,1980,3.679960771493952,3060
Rumble Fish,1983,3.3407917383820998,3487
Doogie Howser,1989,3.661764705882353,1021
Tie Me Up! Tie Me Down!,1990,3.4133942980096825,7437
Things Change,1985,3.3845618915159945,1439
Monty Python's And Now for Something Completely Different,1971,4.002840303912518,14084
Agatha Christie's Evil Under the Sun,1982,3.715892420537897,2046
Sholay,1975,3.496713615023474,1066
Eyes of Laura Mars,1978,3.125062034739454,2016
The Unbelievable Truth,1989,3.267839687194526,1024
Hannah and Her Sisters,1986,3.5220500135276156,25874
House Party,1990,3.146738052746381,5044
Loverboy,1989,3.5594636183776656,4550
Troop Beverly Hills,1989,3.0559165526675787,5849
The Adventures of Sherlock Holmes,1984,4.078547854785478,1516
Soap: Season 1,1977,3.8435858964741185,2667
My Beautiful Laundrette,1986,3.4987096774193547,4651
RoboCop,1987,3.3862934067615114,32686
Serpico,1973,3.8640426532852437,19132
The Bonfire of the Vanities,1990,2.5614617940199333,3613
Tapeheads,1988,2.676775147928994,1353
Crimes and Misdemeanors,1989,3.7235951638658658,13152
Private Benjamin,1980,3.480340760157274,22891
The Principal,1987,3.2120329936923824,6184
Poltergeist II / Poltergeist III: Double Feature,1986,3.468470705064548,4029
Brewster's Millions,1985,3.371010818885519,22092
Love Story,1970,3.4894459102902373,10613
Arthur,1981,3.471233423073088,20059
Caddyshack,1980,3.8637984643695664,78796
Bronco Billy,1980,2.821961620469083,1877
Heartbreak Ridge,1986,3.674624789940314,17258
The Apple Dumpling Gang,1975,3.702293443104969,6803
Gung Ho,1986,3.279979674796748,7873
A Cry in the Dark,1988,3.2539489671931956,2470
Cocoon: The Return,1988,3.4796422373514884,7492
A Little Romance,1979,3.387884709330728,2048
Air America,1990,3.1262373602980307,9396
Gone in 60 Seconds,1974,4.075008663327348,31744
The Care Bears Movie II: A New Generation,1986,3.585115483319076,1170
Fire Birds,1990,3.1394285714285712,2626
Sheena,1984,2.227471566054243,2287
The Shootist,1976,3.7581232128931634,7695
Cocktail,1988,3.2419620045027955,79063
Another Country,1985,3.409347300564061,1242
Young Guns II,1990,3.664543367157988,13502
Turner and Hooch,1989,3.321113858007371,65934
The Brood,1979,3.161512027491409,1456
Pale Rider,1985,3.915546417839633,18970
Cheech & Chong's Nice Dreams,1981,3.5255449591280654,8809
Lady Jane,1986,3.664837484170536,2370
Foxy Brown,1974,3.3034341363403383,1952
Sleuth,1972,3.670346598202824,3896
Colors,1988,3.5175841695582855,10664
The Witches,1990,3.5380726698262244,3166
Pacific Heights,1990,3.3890068412361405,12718
The Goonies,1985,4.013720432468031,72885
The Good Mother,1988,3.1332752613240418,1149
The Mechanic,1972,3.56247582205029,2586
The Year of Living Dangerously,1983,3.6869388243744763,8354
The Candidate,1972,3.5441849816849818,4369
Doctor Who: The Armageddon Factor,1979,3.7401696222050886,1298
Three's Company: Season 4,1979,3.824,1001
Jumpin' Jack Flash,1986,3.5787904599659286,9393
Like Father,1987,3.219499200852424,1878
The Texas Chainsaw Massacre,1974,3.4485150087352427,18890
The Natural,1984,3.891547313519331,36238
The Elephant Man,1980,3.805864041729766,23773
The Exorcist 2: The Heretic,1977,2.508313539192399,2106
Crimes of Passion,1985,2.8950276243093924,1449
Allan Quatermain and the Lost City of Gold,1987,3.018830525272547,1010
Platoon,1986,3.986038176860148,64176
Fiddler on the Roof,1971,4.048716464003088,25906
Explorers,1985,3.799402985074627,5026
I'm Gonna Git You Sucka,1988,3.373539435248296,8217
Deliverance,1972,3.688105749888973,38280
Moonlighting: The Pilot,1985,3.6016260162601625,1846
Batteries Not Included,1987,3.540408732001858,17225
Someone to Watch Over Me,1987,3.293394077448747,2196
Tales from the Crypt: Season 1,1989,3.7173770491803277,1526
Silent Running,1971,3.16958654519972,4282
The Adventures of Milo and Otis,1989,3.753836894372555,6647
The Decalogue,1987,3.9819513471095997,3824
Midway,1976,3.8629546122929126,10202
Perfect,1985,2.277194171467299,2952
Rocky III,1982,3.5958160252239626,19982
War and Remembrance: Vol. 2,1988,3.858886346300534,1312
Jeeves and Wooster: Season 4,1990,4.005681818181818,1761
The Jeffersons: Season 2,1976,3.702005730659026,1397
I,1976,3.942956713132795,5453
The Bear,1988,3.6647555823777913,3315
Straw Dogs,1971,3.488969752103707,4398
Manhattan,1979,3.8403885184111335,20695
Agatha Christie's The Mirror Crack'd,1980,3.3444933920704845,1136
Sweet Dreams,1985,3.6973505434782608,2945
Rocky II,1979,3.659191301393136,26488
Saved by the Bell: Season 2,1989,3.5946261682242993,2569
Star Wars: Episode VI: Return of the Jedi,1983,4.460729802129528,88847
Good Times: Season 4,1976,3.88401559454191,1027
Country,1984,3.4885215794306705,1090
Family Plot,1976,3.195689655172414,1161
Ghost Dad,1990,2.815779394867867,2612
The Black Hole,1979,3.2148065948002538,6309
The Exorcist: Restored Version,1973,3.9704589365217147,35714
Airport,1970,3.3658757062146893,4426
The Bounty,1984,3.541332847778587,5493
Down by Law,1986,3.7448356502533455,7698
Big Business,1988,3.226586749438082,9344
Jaws: The Revenge,1987,3.0123180291153417,2680
George Carlin: Carlin on Campus,1984,3.968763191219924,2370
The Cheap Detective,1978,2.980279375513558,1218
Berkeley in the Sixties,1990,3.5283203125,1025
Stripes,1981,3.858081565602457,56005
Vanishing Point,1971,3.391992551210428,1075
Cyrano de Bergerac,1990,3.835093419983753,2463
Return to Snowy River,1988,3.888587570621469,4426
Fat Man and Little Boy,1989,3.533189033189033,2773
Something Wicked This Way Comes,1983,3.4241880202382897,6128
Doctor Who: Remembrance of the Daleks,1987,3.546961325966851,1087
Maximum Overdrive,1986,2.834851936218679,3513
Knight Rider: Season 2,1983,3.6886699507389165,1016
Flashdance,1983,3.472180125568305,18477
Die Hard,1988,4.016484225269055,108529
Honkytonk Man,1982,3.1388085598611912,1730
Twister,1990,3.8663675380413576,10253
After Hours,1985,3.539961759082218,5231
Tender Mercies,1983,3.688388045075943,6124
Oh God! You Devil!,1984,3.4347442680776012,1135
Who's Harry Crumb?,1989,3.117071260767424,5109
Peggy Sue Got Married,1986,3.279754843811783,15175
Hello Again,1987,3.4276911924610367,2760
Star Trek II: The Wrath of Khan,1982,3.8340813093980994,37881
Charlie's Angels: Season 1,1976,2.9728835978835977,1513
Married... with Children: Season 4,1989,4.028613352898019,1364
Swing Shift,1984,3.239269406392694,2191
Lionheart,1990,3.0842391304347827,5521
Cat People,1982,3.088697017268446,5097
Raiders of the Lost Ark,1981,4.504035123337732,118213
Transformers: Season 2: Part I,1985,3.8353584447144593,1647
The Electric Horseman,1979,3.2344199424736337,4173
The Big Easy,1987,3.514192558496356,10429
84 Charing Cross Road,1986,3.772423398328691,3591
Soylent Green,1973,3.427456544874069,11277
Midnight Run,1988,3.7141820161509846,11022
Are You Being Served?,1972,3.8672060923369824,2102
Coma,1978,3.486226203807391,4466
Kelly's Heroes,1970,3.892605484336531,11780
Papillon,1973,3.985407616717979,23712
Weekend at Bernie's,1989,3.250439837833703,13074
Weird Science,1985,3.6715049104563837,41545
The Who: The Kids Are Alright,1979,3.8228176318063958,2315
Mad Max Beyond Thunderdome,1985,3.4429705338697403,18395
Chances Are,1989,3.432193219321932,6667
Road House,1989,3.291878933173509,16686
Doctor Who: The Power of Kroll,1978,3.670111972437554,1162
Shag: The Movie,1989,3.490059385489285,3874
The Towering Inferno,1974,3.3378457916421422,6797
Shivers,1975,2.935656836461126,1120
Death Wish 4: The Crackdown,1987,3.4349442379182156,1346
Zardoz,1974,2.848748083801737,1958
Little House on the Prairie: Season 8,1981,4.086627417998318,1190
Upstairs,1975,4.216450216450217,1849
Crocodile Dundee,1986,3.413046352362569,37820
Thundercats: Season 1: Vol. 1,1985,4.137418755803157,1078
Everything You Always Wanted to Know About Sex But Were Afraid to Ask,1971,3.4504461629982153,8406
Upstairs,1972,4.048034934497816,2291
The Muppets Take Manhattan,1984,3.671170785940306,11694
Splash: 20th Anniversary Edition,1984,3.6352928841045715,28613
Missing,1982,3.6602230483271376,1346
A Clockwork Orange,1971,3.7355599266367188,75243
Red Dwarf: Series 1,1988,3.9492927675473712,3748
The Private Eyes,1980,3.5372460496613995,1330
Friday the 13th: Part 7: The New Blood,1988,3.0528152629129828,4299
Bustin' Loose,1981,3.2889637742207247,1188
Candleshoe,1977,3.744452945677123,1308
Aria,1987,2.5860428231562254,1262
Doctor Who: The Androids of Tara,1978,3.739856801909308,1258
The Discreet Charm of the Bourgeoisie,1972,3.509226932668329,4011
Dominick and Eugene,1988,3.373362445414847,1833
The Front,1976,3.672172808132147,1575
Little House on the Prairie: Season 1,1974,3.8804438860971526,4777
Best of The Muppet Show: Harry Belafonte / Linda Ronstadt / John Denver,1978,4.0056749087961085,2468
A Soldier's Story,1984,3.8453437641041073,6648
Dawn of the Dead,1978,3.584405481419424,16712
The Chinese Connection,1972,3.8776241679467485,1954
Secret Admirer,1985,3.2014092777451557,1704
The Blue and the Gray,1982,3.5,1405
Akira,1988,3.9781685467816854,15071
Star Trek: The Next Generation: Season 1,1987,3.9800233061428334,12015
RoboCop 2,1990,3.255932896890344,4889
Above the Law,1988,3.354127499572723,11703
Ran,1985,3.950934952852805,18772
The Beguiled,1971,3.274436090225564,1331
She's Out of Control,1989,3.3552123552123554,2332
The Last Emperor,1987,3.844769489967836,26117
Escape to Witch Mountain,1975,3.670394185071289,7155
Can't Buy Me Love,1987,3.6730656428304806,18754
Hamburger Hill,1987,3.654997043169722,8456
The Chronicles of Narnia: The Silver Chair,1990,3.3649635036496353,1371
Taxi Driver,1976,3.8926017262638717,81101
Being There,1979,3.8624017155110795,19587
Back to the Future,1985,4.1178636290631445,80942
Scrooged,1988,3.4935869084475897,6784
Return of the Living Dead 2,1988,3.3811586356253382,1848
The Hunter,1980,3.4042838018741635,1495
The Cook,1989,3.2121448641898223,6407
Fantastic Planet,1971,3.511094674556213,1353
Bird on a Wire,1990,3.1725080483508474,16464
Haunted Honeymoon,1986,2.936725811851356,2988
Oh,1980,3.46,1051
Revenge of the Pink Panther,1978,3.81046004842615,10326
The Women of Brewster Place,1989,3.847695390781563,2496
The Emerald Forest,1985,3.353919239904988,2106
Death Wish 2,1982,3.4970273483947683,2524
Black Adder III,1987,4.000231588698472,4319
Running Scared,1986,3.4479851973684212,4865
Re-Animator,1985,3.405532190229699,6183
Pink Flamingos,1972,3.5111548556430447,1525
The Return of the Pink Panther,1975,3.8104340327680366,6959
George Carlin: Playing with Your Head,1986,3.956460674157303,2137
White Hunter,1990,3.0301204819277108,1163
Castle in the Sky,1986,4.076449461262186,9746
Twin Peaks: Season 1,1990,4.107706592386258,10771
A Midsummer Night's Sex Comedy,1982,3.3232892143058295,3552
Places in the Heart,1984,3.8449223581146077,14555
Coming Home,1978,3.5243548633379143,6550
Mary Tyler Moore: Season 1,1970,3.771671826625387,1293
Doctor Who: The Caves of Androzani,1984,3.364347146207975,1280
MASH: Season 6,1977,4.260139049826187,5179
Sophie's Choice,1982,3.8309372233230743,23720
Class of Nuke 'Em High,1986,2.9782823297137218,1014
An American Tail,1986,3.8323390677025526,14417
Date With an Angel,1987,2.7764039155074705,1942
The Manhattan Project,1986,3.548502139800285,4207
21 Up,1977,4.00744248985115,1479
The Jeffersons: Season 1,1975,3.700636942675159,1571
The Last Picture Show,1971,3.689651072935862,16824
Jesus of Nazareth,1977,3.8767517067912323,2784
Jaws 2,1978,2.9406576174841965,20408
Honey,1989,3.5504439063761097,6196
21 Jump Street: Season 1,1987,3.685438863521055,1972
The 'Burbs,1989,3.3071086920666337,18190
New York,1977,2.8924825174825175,1145
Risky Business,1983,3.718350119904077,52126
A Charlie Brown Thanksgiving / The Mayflower Voyagers,1973,3.6504925209777452,2742
La Bamba,1987,3.486035422343324,14681
Legend: The Director's Cut,1986,3.6734770150741247,16055
The Sheltering Sky,1990,3.167632450331126,2417
Quantum Leap: Season 2,1989,4.062008108752683,4194
Brazil,1985,3.783238787449034,22565
The Dream Team,1989,3.486013986013986,1717
Little Nikita,1988,3.2185495806610755,2028
The Golden Girls: Season 2,1986,3.8875338753387534,2215
The Wicker Man,1973,3.258391692827819,4142
Vision Quest,1985,3.436810431293882,3989
Johnny Be Good,1988,2.751552795031056,3382
Legal Eagles,1986,3.068892726923815,5212
Dragnet,1987,3.140625,15169
Blue Steel,1990,3.161745827984596,1559
George Carlin: On Location With George Carlin,1977,3.9009661835748792,2071
Black Beauty,1971,3.8959965187119234,2299
Heartburn,1986,3.245986779981114,2119
Airplane!,1980,3.8088894541061267,62907
Day for Night,1973,3.6253430924062213,2187
King of New York: Special Edition (Widescreen),1990,3.6522842639593907,4729
Who'll Stop The Rain,1978,2.781521184277693,1960
Doctor Who: The Ark in Space,1975,3.6030674846625765,1631
Miami Blues,1990,3.042052144659378,1190
Miller's Crossing,1990,3.758622508174243,18963
Lost in America,1985,3.2783230743636667,6012
The Long Good Friday,1979,3.50730411686587,1507
The Blue Lagoon,1980,3.134156609598653,7127
The Stepford Wives,1975,3.273475369180476,8872
Staying Alive,1983,2.8062723302897976,5039
The Witches of Eastwick,1987,3.468789337282488,27011
Dragon Ball Z: Imperfect Cell Saga,1989,3.4141161773891318,1602
The Man with the Golden Gun,1974,3.688888888888889,20656
The Mountain Men,1980,3.6016949152542375,1063
Friday the 13th: Part 4: The Final Chapter,1984,3.2258541635852684,6762
The Name of the Rose,1986,3.684737772539776,5092
Hairspray,1988,3.5137423312883436,16301
Goin' South,1978,3.053550178500595,2522
Hamlet,1990,3.598022105875509,6877
Suspiria,1977,3.3892587660896583,2254
Miss Marple Mysteries: A Murder is Announced,1985,4.053144375553587,1130
Indiana Jones and the Temple of Doom,1984,4.145942705765196,103432
The Great Gatsby,1974,3.493378137971931,5060
The Delta Force,1986,3.099258550585984,4182
Quantum Leap: Season 1,1989,4.0339227715626125,5543
Three Men and a Baby,1987,3.245324582420203,88068
Nosferatu the Vampyre,1979,3.5387650424146773,5070
Prizzi's Honor,1985,3.440173873255548,8743
Good Times: Season 2,1974,3.8383084577114426,1609
Bruce Lee: Fists of Fury / Chinese Connection,1976,3.69625520110957,2164
The Hidden,1987,3.3913636363636366,2201
Scooby-Doo Meets the Harlem Globetrotters,1972,3.5745088643986582,2088
Short Circuit,1986,3.514386335622469,28396
Sinbad and the Eye of the Tiger,1977,3.417682926829268,1969
Cabaret,1972,3.688658167958996,15219
The Presidio,1988,3.4280491234648918,10668
Death on the Nile,1978,3.6918208373904577,4109
Agnes of God,1985,3.411402157164869,5842
Badlands,1973,3.6971748087110066,6797
Escape from the Planet of the Apes,1971,3.4433049256102843,6924
The Gods Must Be Crazy,1980,3.7148665130776526,7380
The Fog,1980,3.3080799869939845,6152
A Room with a View: Special Edition,1986,3.950943084050298,12089
Oliver & Company,1988,3.5127245508982035,13361
Iceman,1984,3.194842406876791,1048
Talking Heads: Stop Making Sense,1984,4.0059612518628915,4698
The Shining,1980,4.064762656082439,81128
The French Connection II,1975,3.3110381616741895,2438
Child's Play,1988,3.017162471395881,12237
Project X,1987,3.4945517582961863,4039
Blue Thunder,1983,3.275134464211833,4835
Scooby-Doo Goes Hollywood,1979,3.248112732762959,1988
Eraserhead,1977,3.5424175824175825,4551
Happy Days: Season 1,1974,3.675894665766374,1482
Good Times: Season 1,1974,3.6663751639702666,2288
48 Hrs.,1983,3.7313429180239535,40830
Casual Sex?,1988,2.8677536231884058,1105
Absence of Malice,1981,3.668982374887431,7774
Dark Habits,1983,2.8181818181818183,1387
The French Connection,1971,3.76456065927188,28760
The Accused,1988,3.818104566393846,22360
Battle for the Planet of the Apes,1975,3.3934511434511436,5773
The Outsiders,1983,3.833362173386399,28896
La Cage aux Folles II,1981,3.2511773940345368,1275
Navy Seals,1990,3.329125338142471,7764
Barfly,1987,3.4496461622210126,3675
Rambo III: Ultimate Edition,1988,3.216722509899482,6567
Capricorn One,1978,3.0829947765525247,1724
Married to the Mob,1988,3.1172436316133245,6125
Doctor Who: Spearhead from Space,1970,3.524978089395267,1142
The Jerk,1979,3.798990373908094,40412
The Godfather,1972,4.504490863092159,106328
The Parallax View,1974,3.332001997004493,2004
The Mack,1973,3.4436018957345973,1056
The Gauntlet,1977,3.3936305732484078,7066
Slaughterhouse Five,1972,3.532546786004882,4917
A Night in the Life of Jimmy Reardon,1988,2.64078431372549,1276
Coming to America,1988,3.5264846980976015,90676
Short Circuit 2,1988,2.945228215767635,10846
Working Girl,1988,3.5671391211700514,30974
The Dead Pool,1988,3.5034351145038167,7861
We're No Angels,1989,3.0367322950337936,3404
G.I. Joe: Season 1: Part 2,1985,3.856152512998267,1155
New York Stories,1989,3.1673957421988916,3430
The Quick and the Dead,1987,3.458075407990996,3555
The Owl and the Pussycat,1970,3.002557544757033,1565
Lethal Weapon 2,1989,3.87695593799585,81931
McCabe & Mrs. Miller,1971,3.586235489220564,3619
The Howling,1980,3.3570247933884296,7261
Carnal Knowledge,1971,3.3849048714196113,4784
Breaker Morant: Masterworks Edition,1980,3.9120603015075375,4777
The Adventures of Buckaroo Banzai,1984,3.3837805605247464,8386
Wonder Woman: Season 1,1976,3.6059417040358746,1785
The NeverEnding Story,1984,3.8707624640291978,42744
Swept Away,1974,3.0766897746967072,2309
True Believer,1989,3.2777070063694267,2356
The Black Cauldron,1985,3.502983590253605,4023
The Fly / The Fly 2,1986,3.3148718851809456,11358
The Adventures of Ford Fairlane,1990,2.5077047850770477,1234
Sanford and Son: Season 1,1972,3.7627291242362526,1965
Home Alone,1990,3.2690918074298243,32384
The Dark Crystal,1982,3.8464243329963517,22752
Victory,1981,3.4460822342901474,2579
Superman II,1980,3.2879967528873473,27102
Fitzcarraldo,1982,3.656632173095014,4253
Revenge of the Nerds / Revenge of the Nerds 2: Double Feature,1984,3.422571675136638,10430
After Dark My Sweet,1990,2.716227697536109,1178
Upstairs,1971,3.8610081541882875,2699
The Verdict,1982,3.8262608525997464,10252
Death Race 2000,1975,3.047471620227038,3877
The Odessa File,1974,3.5677999218444705,2560
American Graffiti: Collector's Edition,1973,3.736891195912243,24660
National Lampoon's Animal House,1978,4.061282702678612,67312
Twin Warriors,1984,3.6527886881382563,2547
Picnic at Hanging Rock,1975,3.449546485260771,3529
Hellraiser,1987,3.4018455894996276,17448
The Abyss,1989,3.7765117182442056,38616
The Secret of N-I-M-H,1982,3.9357865415628206,20464
Bride of Re-Animator,1990,3.09794776119403,1073
What's Up,1972,3.6151807980049875,6417
Valley Girl: Special Edition,1983,3.485873458018305,7540
The Great Train Robbery,1978,3.5410658307210032,3191
Cat on a Hot Tin Roof,1984,3.6996466431095407,3680
Black Rain,1989,3.26228323699422,5537
River's Edge,1986,3.4700015583606048,6418
Schoolhouse Rock!: Special 30th Anniversary Edition,1973,3.992318946598391,5469
Crimes of the Heart,1986,3.2922940655447297,1130
Enemy Mine,1985,3.5903276131045243,16026
Henry & June,1990,3.274600776866638,9269
The Andromeda Strain,1971,3.6246505939902165,11449
Camille Claudel,1989,3.712077641984184,2783
Salvador,1986,3.5514105852179996,4290
Next of Kin,1989,3.1654686812380812,6818
Shintaro Katsu's Zatoichi: The Blind Swordsman,1989,3.617094017094017,1171
License to Drive,1988,3.5011001100110013,3637
Big Trouble in Little China,1986,3.613301698489813,26554
Little Monsters,1989,3.6263964666147053,3850
Last Tango in Paris,1972,3.0631534922626518,9565
The Great Muppet Caper,1981,3.8415600243753807,6565
Mephisto,1981,3.420689655172414,1161
Carrie,1976,3.5868076668869797,37826
Fright Night Part II,1989,3.1711057304277643,1240
Funny Farm,1988,3.4474205494789425,11612
Chisum,1970,3.844205679201842,3910
The Dukes of Hazzard: Season 1,1979,3.8037974683544302,2529
Red Heat,1988,2.998723268432812,9400
Heaven Can Wait,1978,3.4800280855047587,12819
Police Academy 6: City Under Siege,1989,3.443562610229277,2269
Scared Straight!,1978,3.490822027134876,1254
'Round Midnight,1986,3.48491879350348,1294
Ghost Story,1981,3.207689408217113,2654
The Getaway,1972,3.587893864013267,2413
Firefox,1982,3.2680215584998877,8907
Basket Case,1983,3.029086678301338,1720
A Nightmare on Elm Street 5: The Dream Child,1989,3.159699181596992,9043
Butterflies Are Free,1972,3.30451415455241,2615
Soap: Season 3,1979,4.004042037186742,1238
Dog Day Afternoon,1975,3.8844258448060076,25569
Simon and Garfunkel: Concert in Central Park,1982,3.7886412652767794,1392
The Lost Boys: Special Edition,1987,3.9098913302133735,37822
Jabberwocky,1977,2.950238221281101,1890
Rosencrantz and Guildenstern Are Dead,1990,3.7804802955665027,3249
Star Trek: The Next Generation: Season 3,1989,4.010611242655441,11404
The Believers,1987,3.2236778262979136,2062
Rocky (Hindi),1981,3.431976166832175,1008
The Man Who Loved Women,1983,2.240238611713666,1845
Nuts,1987,3.354318418314256,3845
Friday the 13th: Part 2,1981,3.3084076913409577,7958
Chinatown,1974,3.9692888632601053,53760
Kiki's Delivery Service,1989,3.982086406743941,10440
Ernest Goes to Camp,1987,2.801956947162427,2556
MASH: Season 5,1976,4.2268410679089765,5582
Scooby-Doo and the Ghoul School,1988,3.4056803730394236,2360
Wall Street,1987,3.710730785384292,28573
Assault on Precinct 13,1976,3.2742419193602132,3002
Maurice,1987,3.8623805835269818,3874
Inspector Morse 14: Driven to Distraction,1990,4.055555555555555,1117
Return from Witch Mountain,1978,3.677873338545739,2559
High Spirits,1988,3.4879816863792446,2622
The Tenant,1976,3.3479041916167667,1671
Mr. Mom,1983,3.57648108892112,35853
Marked For Death,1990,3.2647129763627594,8293
Audrey Rose,1977,3.1042735042735043,1171
The Aristocats,1970,3.7993204881756,22370
The Deep,1977,3.1778711484593836,2857
The Ice Pirates,1984,3.433719008264463,3026
National Lampoon's European Vacation,1985,3.3916562227839497,47078
Blazing Saddles,1974,4.004516415116031,60890
Lock Up,1989,3.1865371734762222,2987
Battlestar Galactica: Complete Epic Series,1978,3.828460038986355,2566
House of Games,1987,3.5491160925824676,5488
For All Mankind,1989,3.731707317073171,1026
The Mosquito Coast,1986,3.1728668438145853,6775
Kramer vs. Kramer,1979,3.705706894731285,37885
The World According to Garp,1982,3.5731655932101365,16614
Terms of Endearment,1983,3.819410029498525,50851
Alice,1990,3.248152469856087,2572
Somewhere in Time,1980,3.7002971660505906,13798
Ghostbusters 2,1989,3.3252398304454527,26895
The Black Stallion,1979,3.8540786841520336,8999
City Heat,1984,2.894538606403013,1063
Lean on Me,1989,3.9507142640502257,32972
Rocky IV,1985,3.3924055259118484,27363
No Mercy,1986,3.1080861438439658,2462
The Adventures of Baron Munchausen,1989,3.5836280056577086,16969
Bull Durham,1988,3.6949676280164803,40777
Sleeper,1973,3.6797318558040906,14620
A Fish Called Wanda,1988,3.818362030832746,61040
Cheech & Chong's Still Smokin,1983,3.5495821487033687,11608
Lord of the Flies,1990,3.5552960411070886,8564
The Man from Snowy River,1982,3.8887557603686638,10851
The Man with Two Brains,1983,3.2192088091353996,9809
Cheech & Chong's The Corsican Brothers,1984,3.4906629318394025,2143
What's Happening!!: Season 1,1976,3.704201680672269,1191
Cooley High,1975,3.5712319339298,2907
Fast Times at Ridgemont High,1982,3.9179365733113674,58273
Iron Eagle 2,1988,3.293540474243663,1224
Summer Rental,1985,3.5736040609137056,9063
The Wraith,1986,3.4681915654038598,1400
Red Dwarf: Series 4,1988,4.223595505617977,2671
Scarface,1983,3.760429835651075,3165
The Out-of-Towners,1970,3.4354089219330857,2153
Cadillac Man,1989,2.8250606662254576,4534
Pennies from Heaven,1981,3.019230769230769,1041
Gorky Park,1983,3.5029774564015312,4703
Iron Eagle,1986,3.1597542242703534,9115
Herbie Goes Bananas,1980,3.716082659478886,3340
Divine Madness,1980,3.333877551020408,1226
MacGyver: Season 1,1985,3.929327126534067,2364
My Father's Glory,1990,3.821774193548387,1241
The Vanishing,1988,3.5979305247597932,4060
Ali: Fear Eats the Soul,1974,3.772011121408712,1080
Raging Bull,1980,4.033873435109737,32032
Night Court: Season 1,1984,3.761467889908257,1527
Memphis Belle,1990,3.81546308102469,17255
Five Deadly Venoms,1978,3.6443148688046647,1030
The Karate Kid Part III / The Next Karate Kid,1989,2.7559854267869537,11529
When a Stranger Calls,1979,3.3188686555598603,2582
DeepStar Six,1989,2.9191960623461854,2439
Loose Cannons,1990,3.09720885466795,1040
Every Which Way But Loose,1978,3.2501662602527155,9023
The Bad News Bears Go to Japan!,1978,2.5086483023702755,1562
Willy Wonka & the Chocolate Factory,1971,4.074219138036244,70468
The Texas Chainsaw Massacre 2,1983,2.8089480048367594,3309
The Last Wave,1977,3.3234165067178503,1043
Dragonslayer,1981,3.614712706428279,7328
Exorcist 3,1990,3.044672281215672,2732
Total Recall,1990,3.606859895120839,70177
Catch 22,1970,3.6589339961336647,7243
The Package,1989,3.5275113579000505,3963
My Blue Heaven,1990,3.3971209005303606,9240
Where the Buffalo Roam,1980,3.4091852620653866,3855
Pink Cadillac,1989,2.8536585365853657,1436
Grave of the Fireflies,1988,3.9839899763330084,7184
Stranger than Paradise,1984,3.554606326483491,4332
Misery,1990,3.87421873310409,46240
The King of Comedy,1983,3.5799411855749885,6462
Three's Company: Season 3,1978,3.811278195488722,1331
Klute,1971,3.511361926260346,6646
Jacob's Ladder,1990,3.568645776968862,20330
A Bridge Too Far,1977,3.792402034101107,10030
The Dogs Of War,1981,3.199858757062147,1417
The Dukes of Hazzard: Season 2,1979,3.795221843003413,1759
3 Women,1977,3.299698795180723,1329
Operation Condor 2: Armour of the Gods,1986,3.470216130732736,1898
MASH: Season 2,1973,4.105082319255548,6986
Scooby-Doo Meets the Boo Brothers,1987,3.7983824378971693,1732
Paris,1984,3.78031878031878,2887
Barry Lyndon,1975,3.5928356091505584,5640
The Bride,1985,2.710671936758893,1266
They Call Me Mr. Tibbs,1970,3.613157894736842,4561
Monty Python and the Holy Grail,1975,4.173394289494513,84652
The Wiz,1978,3.1392630241423127,3936
Raising Arizona,1987,3.7993985474353154,88121
Ziggy Stardust and the Spiders From Mars: The Motion Picture,1973,3.3039611964430073,1238
The Last Waltz,1978,3.9550251664231206,6160
The French Lieutenant's Woman,1981,3.5251509054325956,5468
Fawlty Towers: The Complete Set,1975,4.078977016674178,8877
The Best of Benny Hill,1974,3.0643382352941178,1633
Shogun,1980,3.899468085106383,3761
The Dream Is Alive: IMAX,1985,3.2939698492462313,1593
Black Widow,1987,3.5727470141150923,1843
Smiley's People,1982,4.057806912991657,1679
Live and Let Die,1973,3.8190598510146416,19466
Uncle Buck,1989,3.5836536151813596,33305
I Spit On Your Grave,1978,2.7944003343083996,2394
Play Misty for Me,1971,3.57277582092944,8802
The Naked Gun,1988,3.4739598552451167,44490
Godspell,1973,3.1195355191256833,1465
Manhunter,1986,3.346483016849425,7479
Doctor Who: The Five Doctors,1983,3.821132075471698,1326
Little Big Man,1970,3.923452638321723,12490
Harold and Maude,1971,3.9675298495890834,32246
Time After Time,1979,3.536914235190097,4525
Body Heat,1981,3.654378779013068,15382
Roy Orbison: Black & White Night,1987,3.8166023166023164,1037
Pet Sematary,1989,3.328794775380962,25266
Desperately Seeking Susan,1985,3.0578703703703702,7777
Three Fugitives,1989,3.187303723642889,4459
Labyrinth,1986,3.8530436693561048,31854
Field of Dreams,1989,3.8140774149701895,64743
Batman,1989,3.7082152974504248,76602
Star Trek: The Next Generation: Season 2,1988,4.2301684159140835,8195
The Eiger Sanction,1975,3.537544095414077,5954
Creature Comforts,1990,3.533952823445318,2799
Doctor Who: The Pirate Planet,1978,3.8005822416302766,1375
White Water Summer,1987,2.934794828555368,1780
The Mission: Special Edition,1986,3.79071930549814,9677
Beetlejuice,1988,3.6557230073005167,70270
Avalon,1990,3.4415318832496746,5380
Brubaker,1980,3.6132167152575314,6175
Traffik,1989,3.637471783295711,2216
The Entity,1983,3.4392605633802815,1137
The Man Who Would Be King,1975,3.853620311357225,9572
The Return of Sherlock Holmes,1986,4.119812059514487,1278
Murphy Brown: Season 1,1988,3.689855072463768,1036
Once Upon a Time in America,1984,3.774687535187479,8882
Blade Runner,1982,3.971446829070619,64162
Krush Groove,1985,3.530201342281879,1193
Best of The Muppet Show: Diana Ross / Brooke Shields / Rudolph Nuryev,1976,4.055017605633803,2273
American Flyers,1985,3.3864541832669324,2260
Problem Child / Problem Child 2,1990,3.199849924962481,3999
Soap: Season 2,1978,4.008181246066709,1590
Dead Poets Society,1989,4.026789741438087,95336
Near Dark,1987,3.2430590610802623,3963
Longtime Companion,1990,3.776667441320009,4304
1776,1972,3.5758032128514055,1993
Urotsukidoji,1989,2.8299319727891157,1177
Pretty in Pink,1986,3.7592608326253187,47081
Three Amigos,1986,3.4255037318185293,39258
Norma Rae,1979,3.6273587241840426,20192
Tequila Sunrise,1988,3.3798076923076925,6865
Streets of Fire,1984,3.2807996280799627,2152
Pee-Wee's Playhouse: Vol. 2,1987,3.898118402937127,2180
Mishima: A Life in Four Chapters,1985,3.194331983805668,1730
Any Which Way You Can,1980,3.1942655046103323,7918
Witness,1985,3.8594945128034586,30071
Grease,1978,3.7954297301513025,102577
Dangerous Liaisons,1988,3.8044329058007516,25808
The Draughtsman's Contract,1982,2.8954501452081316,1034
Gardens of Stone,1987,3.29518359561278,2098
Coal Miner's Daughter: Collector's Edition,1980,3.791031036296686,15209
1969,1988,2.776965265082267,1095
Nothing in Common,1986,3.0523864959254947,3437
MacGyver: Season 2,1986,3.9867256637168142,1357
Fellini's Roma,1972,3.4343936381709743,1007
Flashback,1990,2.9313929313929314,2406
Red Dwarf: Series 2,1988,4.060046189376443,3465
A Nightmare on Elm Street 4: The Dream Master,1988,3.1919163100332857,10516
MASH: Season 4,1975,4.219814241486068,6138
The Atomic Cafe,1982,3.658247829518548,1268
Walking Tall: Part II,1975,3.379694019471488,1439
All Creatures Great and Small: Series 2,1979,4.141587301587301,1576
Autumn Sonata,1978,3.7489504617968095,1192
My Stepmother is an Alien,1988,2.7369537547730167,4715
The Russia House,1990,3.141696113074205,2831
Wild Orchid,1990,2.7878646441073514,4286
Missing in Action,1984,3.0744265495363594,4099
Joe,1970,2.835570469798658,2683
George Carlin Again!,1978,3.9515655577299413,2045
The Wanderers,1979,3.502516175413372,1392
Darkman,1990,3.0841172214182344,5529
Raw Deal,1986,3.376883116883117,3851
Don't Look Now,1973,3.166846458108594,2782
Never Cry Wolf,1983,3.805345316934721,4229
Superfly,1972,3.515274949083503,1474
Friday the 13th: Part 6: Jason Lives,1986,3.3118120237087214,4725
The Thing,1982,3.6949462611479533,21866
A Woman Under the Influence,1974,3.7449095022624435,1769
Mystery Train,1989,3.683820873961719,5539
Stanley & Iris,1990,3.3531522296258327,1952
All in the Family: Season 1,1971,3.6917148362235066,2596
Thief of Hearts,1984,2.7503875968992246,1291
Fletch,1985,3.520787895310796,14673
sex,1989,3.412314693021437,28130
The Fox and the Hound,1981,3.940374924410401,24806
Superman III,1983,3.030484087306426,8202
Ruthless People,1986,3.475094449287998,17206
Valmont,1989,3.3708077468115256,4235
SCTV Network 90: Vol. 1,1981,3.42722371967655,1485
A Man Called Horse,1970,3.5988372093023258,2581
Friday the 13th,1980,3.226249603719751,28390
Born on the Fourth of July,1989,3.4344262295081966,32697
Dawn of the Dead: Documentaries,1978,3.9240702479338845,1937
Cheers: Season 3,1984,3.9591304347826086,3451
Miss Marple Mysteries: A Pocketful of Rye,1985,3.9962335216572504,1063
MASH: Season 1,1972,4.120294190974819,8023
Day of the Dead,1985,3.482373678025852,6809
House II: The Second Story,1987,2.8339852238157324,2302
Excalibur,1981,3.7265742128935533,10673
Car Wash,1976,3.3470967741935485,3876
Christine: Special Edition,1983,3.521448248720976,10165
Where the Red Fern Grows,1974,3.972363778910231,5103
The Secret Garden,1987,3.7109958506224068,4821
Creepshow 2,1987,3.1073369565217392,6625
The Killing Fields,1984,3.9930902264648322,25038
The Running Man,1987,3.4486509302250075,30800
The Land Before Time,1988,3.792114454594304,14889
Close Encounters of the Third Kind,1977,3.900568236540499,51916
Three's Company: Season 2,1977,3.7505800464037122,1725
Elizabeth R,1971,3.8755841121495327,1713
Desperate Living,1977,3.228391167192429,1586
Burglar,1987,2.8815995001562014,3202
Big,1988,3.892444078110888,114044
Amadeus,1984,4.067877629063098,58577
Things Are Tough All Over,1982,3.244666666666667,1501
Raw,1987,3.9685812469317625,16297
Vampire's Kiss,1989,2.769968051118211,1566
Walking Tall: The Final Chapter,1977,3.5920289855072465,1381
Psycho III,1986,2.4606299212598426,1779
Dreamscape: Special Edition,1984,3.4974680491921872,4148
The Gods Must Be Crazy 2,1990,3.5564435564435564,3004
MASH: Season 8,1979,4.2690677966101696,4249
Watership Down,1979,3.5914315569487982,3829
Sanford and Son: Season 2,1972,3.7551919446192574,1590
Cheech & Chong's Next Movie,1980,3.7507423580786026,5726
Alien Nation,1988,3.5207928488146134,5147
The Brave Little Toaster,1987,3.6010598031794094,2643
Inspector Morse 5: Last Seen Wearing,1988,3.8694109297374024,1410
Heavy Metal,1981,3.478489903424056,9113
Blind Date,1987,3.03834808259587,5764
War and Remembrance: Vol. 1,1988,3.8793929712460065,1253
What Have I Done to Deserve This?,1984,3.2907801418439715,1552
Desperate Hours,1990,2.694687289845326,1488
A Chinese Ghost Story,1987,3.3209635416666665,1537
Uncommon Valor,1983,3.5059322033898304,4721
Bill & Ted's Excellent Adventure,1989,3.473701327499039,33824
The A-Team: Season 1,1983,3.754601226993865,2283
Brian's Song,1971,3.839878498589716,13828
Helter Skelter,1976,3.355639097744361,1331
Same Time,1978,3.730900554844217,4687
Sherlock Holmes: The Sign of Four,1987,3.8741776315789473,1217
Invasion U.S.A.,1985,3.2457813646368305,1364
Seinfeld: Seasons 1 & 2,1989,4.385729613733906,11185
The Karate Kid,1984,3.833650106728267,34200
Tango & Cash,1989,3.199655871689301,32547
The Cannonball Run II,1984,3.0773571168547504,5495
Deathtrap,1982,3.5567073170731707,3281
The Hobbit,1978,3.5039043824701195,6276
Say Anything,1989,3.9065668382467633,44878
Drugstore Cowboy,1989,3.60518444666002,21064
Family Business,1989,3.028776978417266,2364
MASH: Season 3,1974,4.180828275615852,5603
Greystoke: The Legend of Tarzan,1984,3.305591677503251,1539
Radio Days,1987,3.5710314150681124,7195
Beverly Hills 90210: The Pilot Episode,1990,3.6381288614298324,2267
Little House on the Prairie: Season 7,1980,4.032292787944026,1859
Macbeth,1971,3.447431302270012,1675
SpaceCamp,1986,3.4239841728808402,6572
Leviathan,1989,3.0180802103879025,3043
Conquest of the Planet of the Apes,1973,3.458131067961165,4945
Black Sunday,1977,3.116144018583043,1723
Best of The Muppet Show: Steve Martin / Carol Burnett / Gilda Radner,1977,3.824207492795389,4165
Star Wars: Episode IV: A New Hope,1977,4.504097013523666,85185
Tucker: The Man and His Dream,1988,3.355639202565175,7174
The Fresh Prince of Bel Air: Season 1,1990,3.8107960741548528,3669
Scooby-Doo and the Reluctant Werewolf,1989,3.209212376933896,2845
Richard Pryor: Live in Concert,1979,3.9157182912749464,6064
Poirot: The ABC Murders,1988,3.9111314704535043,2184
The Golden Voyage of Sinbad,1974,3.586131705189708,2294
Kindergarten Cop,1990,3.3092011101569403,80350
Body Double,1984,3.1746683512318383,3167
Jesus Christ Superstar,1973,3.537802527307775,4670
Stakeout,1987,3.3547346514047867,9611
U2: Rattle and Hum,1988,3.8499767765908035,2154
Poirot: The Mysterious Affair at Styles,1990,3.917590361445783,2076
Seven Beauties,1976,3.553363228699552,1116
Alice Doesn't Live Here Anymore,1974,3.5575357535753573,4546
Over the Top,1987,3.4559414990859234,2736
Tank,1984,3.225,1161
Breaking Away,1979,3.8042653309046752,13177
Dark Star,1974,2.828901734104046,1731
S.O.B.,1981,2.872680412371134,1941
The Sure Thing: Special Edition,1985,3.5221925133689838,7481
Rambo: First Blood: Ultimate Edition,1982,3.682689519636586,31040
American Gigolo,1980,3.327638511895258,6264
1941,1979,3.1823643410852713,5161
The Muppet Movie,1979,3.9230903535573987,11456
My Left Foot: Special Edition,1989,3.9734547568300718,10323
The Fury,1978,2.9900938477580814,1919
Brighton Beach Memoirs,1986,3.4472954230235784,5769
Easy Money,1983,3.671510347864377,2272
Pumpkinhead,1988,3.075025008336112,3000
The Bourne Identity,1988,3.4333768778576093,3063
Bang the Drum Slowly,1973,3.2436974789915967,1548
Wolfen,1981,2.977750309023486,3237
Highlander,1986,3.808141537498043,31936
Stardust Memories,1980,3.518393520080999,2964
Dream a Little Dream,1989,3.4065880039331367,2035
Dirty Harry,1972,3.7757337060094014,39356
The Greatest American Hero: Season 1,1981,3.5894481503941784,1650
Moonlighting: Seasons 1 & 2,1985,3.7285644292013718,2042
Mona Lisa,1986,3.475751503006012,2496
Eating Raoul,1982,3.180579216354344,1175
Brannigan,1975,2.9375503626107977,2483
The Exorcist,1973,3.92499956057863,56894
Communion,1989,2.9524590163934428,1221
The Thin Blue Line,1988,3.9007407407407406,1351
Withnail and I,1987,3.365985345160046,2594
Highlander 2: Renegade Version,1990,2.929720853858785,6091
Law & Order: Season 1,1990,4.16854764107308,5406
Scanners,1981,3.271137521222411,5891
The Omega Man,1971,3.473849372384937,5737
Little House on the Prairie: Season 5,1978,4.121572212065813,1095
Brideshead Revisited,1981,3.9330912863070537,1929
Days of Thunder,1990,3.267073394682609,49010
Love and Death,1975,3.7291505791505792,5181
Pumping Iron,1977,3.430125247198418,3035
The Garden of the Finzi-Continis,1970,3.502983802216539,2347
Kagemusha,1980,3.8655043586550435,2410
Licence to Kill,1989,3.462012636769918,12979
Indiana Jones and the Last Crusade,1989,4.333190133037694,144321
Revenge,1990,3.3205163416643777,3642
Sharky's Machine,1981,2.9881744271988175,1354
The Black Stallion Returns,1983,3.598074608904934,1663
Enter the Dragon: Special Edition,1973,4.009345794392523,13911
Halloween,1978,3.62363408775669,29560
Quicksilver,1986,3.0975800156128024,2563
The First Power,1990,3.048990116029222,2328
Return to Oz,1985,3.2463199214916583,3058
Best of The Muppet Show: Elton John / Julie Andrews / Gene Kelly,1977,3.9911131898971,2139
Always,1989,3.6515742623221055,18200
Dune,1984,3.486484973977279,17870
Let's Do It Again,1975,3.795165394402036,1573
Akira Kurosawa's Dreams,1990,3.6517391304347826,4601
One Crazy Summer,1986,3.5630703711214764,9863
All Dogs Go to Heaven,1989,3.595890410958904,11243
The Chronicles of Narnia: The Lion,1988,3.2362960668937752,3230
A Christmas Story,1983,4.101459921035717,10892
Bird,1988,3.379014989293362,2803
The A-Team: Season 2,1983,3.8548387096774195,1303
Big Top Pee-Wee,1988,2.9224242424242424,1651
Jeeves and Wooster: Season 1,1990,3.986399183951037,2942
Lenny,1974,3.441913963653094,4348
Shaft,1971,3.3107944208611277,3299
The Long Goodbye,1973,3.4440789473684212,2433
Phantasm,1979,3.2487562189054726,2212
Nashville,1975,3.4704837117472853,5066
North Dallas Forty,1979,3.4141767323585506,3147
The Big Picture,1989,3.053858967240422,1802
Saturn 3,1980,2.454397394136808,1843
Stroker Ace,1983,2.6115013169446883,2279
Xanadu,1980,3.0164439876670093,2920
Millennium,1989,3.024582560296846,2157
Clue,1985,3.6373541606402466,20743
A Boy and His Dog,1975,3.2162872154115587,3427
Class,1983,3.0647816750178953,2795
Full Metal Jacket,1987,4.1102326695697515,70960
Zelig,1983,3.6212410916043805,5754
The Spy Who Loved Me,1977,3.7859703020993343,19531
The River,1984,3.3400908773156237,2862
Falling in Love,1984,3.075968992248062,1936
That's Entertainment,1974,3.958955223880597,1609
The Stunt Man,1980,3.1580547112462005,2633
In Living Color: Season 1,1990,3.8478991596638656,5951
The Champ,1979,3.388109000825764,2423
Europa Europa,1990,3.936382045224435,5927
Steel Dawn,1987,2.520361990950226,1769
The Tin Drum,1979,3.780920421860019,2087
The Razor's Edge,1984,3.35286783042394,1605
The Outlaw Josey Wales,1976,4.012163769617436,26062
Hope and Glory,1987,3.7682386134623136,4963
True Stories: Talking Heads,1986,3.488844621513944,2511
Tootsie,1982,3.67091242435521,72544
The Legend of Hell House,1973,3.263551401869159,1606
Slap Shot: 25th Anniversary Edition,1977,3.7971929824561403,11401
Magnum Force,1973,3.7450077945215647,13472
The NeverEnding Story 2: The Next Chapter,1989,2.9772200772200774,2591
F/X,1986,3.532995391705069,10851
Breakin',1984,3.328339575530587,1603
Cross Creek,1983,3.584888888888889,1126
Bachelor Party,1984,3.414011872932433,22068
Mr. Destiny,1990,3.2777859130180116,6830
Space: 1999,1975,3.083582089552239,1341
Ghostbusters,1984,3.8390960386807778,104032
Fort Apache,1981,3.3015410245730945,2402
Reversal of Fortune,1990,3.479145601617796,7913
Halloween 4: The Return of Michael Myers,1988,3.161946595769275,8652
Vampire Hunter D,1985,3.868952314653672,5747
The Times of Harvey Milk,1984,4.025763709974236,2718
La Femme Nikita,1990,3.8027038672842832,18567
Alice,1988,3.168807339449541,1091
The Little Mermaid,1989,3.813627254509018,6987
Prophecy,1979,2.9155305275637224,3375
Interiors,1978,3.411854879918242,1958
